Country Name,Country Code,Indicator Name,Indicator Code,1960,1961,1962,1963,1964,1965,1966,1967,1968,1969,1970,1971,1972,1973,1974,1975,1976,1977,1978,1979,1980,1981,1982,1983,1984,1985,1986,1987,1988,1989,1990,1991,1992,1993,1994,1995,1996,1997,1998,1999,2000,2001,2002,2003,2004,2005,2006,2007,2008,2009,2010,2011,2012,2013,2014,2015,
Aruba,ABW,Intentional homicides (per 100,000 people),VC.IHR.PSRC.P5,,,,,,,,,,,,,,,,,,,,,,,,,,,,,,,,,,,,,,,,,,,5.3,4.1,2,12,9.9,5.9,4.9,3.9,3.9,,,,,,
Andorra,AND,Intentional homicides (per 100,000 people),VC.IHR.PSRC.P5,,,,,,,,,,,,,,,,,,,,,,,,,,,,,,,,,,,,,,,,,,,,,1.3,,,0,1.3,1.3,1.3,,,,,,
Afghanistan,AFG,Intentional homicides (per 100,000 people),VC.IHR.PSRC.P5,,,,,,,,,,,,,,,,,,,,,,,,,,,,,,,,,,,,,,,,,,,,,,,,,,4,3.5,4.2,6.5,,,,
Angola,AGO,Intentional homicides (per 100,000 people),VC.IHR.PSRC.P5,,,,,,,,,,,,,,,,,,,,,,,,,,,,,,,,,,,,,,,,,,,,,,,,,,,,,10,,,,
Albania,ALB,Intentional homicides (per 100,000 people),VC.IHR.PSRC.P5,,,,,,,,,,,,,,,,,,,,,,,,,,,,,,,,,,,,6.68555175858664,7.96762317768731,49.8722145785992,18.6097146607852,16.1420237736862,,,,,,4.8,3,3.3,2.9,2.7,4,4.5,5,,,,
Arab World,ARB,Intentional homicides (per 100,000 people),VC.IHR.PSRC.P5,,,,,,,,,,,,,,,,,,,,,,,,,,,,,,,,,,,,,,,,,,,,,,,,,,,,,,,,,
United Arab Emirates,ARE,Intentional homicides (per 100,000 people),VC.IHR.PSRC.P5,,,,,,,,,,,,,,,,,,,,,,,,,,,,,,,,,,,,,,,,,,,,,,,,,,,,,2.6,,,,
Argentina,ARG,Intentional homicides (per 100,000 people),VC.IHR.PSRC.P5,,,,,,,,,,,,,,,,,,,,,,,,,,,,,,,,,,,,7.81232965219497,8.50452118312994,9.14183533726191,7.21468335012147,7.30138168796505,7.2,8.2,9.2,7.6,5.9,5.5,5.3,5.3,5.8,5.5,5.5,,,,,,
Armenia,ARM,Intentional homicides (per 100,000 people),VC.IHR.PSRC.P5,,,,,,,,,,,,,,,,,,,,,,,,,,,,,,,,,,,,3.59893806506818,3.59373743965122,3.18995953855321,2.99121836183514,2.91203329813009,,,,,2.7,1.9,2.6,2.6,2.8,2.8,1.5,2.2,1.8,,,,
American Samoa,ASM,Intentional homicides (per 100,000 people),VC.IHR.PSRC.P5,,,,,,,,,,,,,,,,,,,,,,,,,,,,,,,,,,,,,,,,,,,,,,,,,,,,,,,,,
Antigua and Barbuda,ATG,Intentional homicides (per 100,000 people),VC.IHR.PSRC.P5,,,,,,,,,,,,,,,,,,,,,,,,,,,,,,,,,,,,,,,,,6.4,8.9,6.2,6.2,4.9,3.6,13.2,20.1,18.7,18.5,6.9,,11.2,,,,
Australia,AUS,Intentional homicides (per 100,000 people),VC.IHR.PSRC.P5,,,,,,,,,,,,,,,,,,,,,,,,,,,,,,,,,,,,1.79927428534592,1.70309051429349,1.73277921105429,1.52122687961993,1.81022756407651,1.9,1.8,1.9,1.7,1.5,1.3,1.3,1.2,1.2,1.2,1,1.1,1.1,,,,
Austria,AUT,Intentional homicides (per 100,000 people),VC.IHR.PSRC.P5,,,,,,,,,,,,,,,,,,,,,,,,,,,,,,,,,,,,1.03331508650107,1.24364609902136,0.827944065604281,0.96538202736996,0.751437688156866,1,0.9,0.8,0.6,0.7,0.7,0.7,0.5,0.5,0.5,0.6,0.8,0.9,,,,
Azerbaijan,AZE,Intentional homicides (per 100,000 people),VC.IHR.PSRC.P5,,,,,,,,,,,,,,,,,,,,,,,,,,,,,,,,,,,,,,,,,2.8,2.7,2.6,2.2,2.4,2.2,2.2,2,1.9,1.8,2.1,,,,,,
Burundi,BDI,Intentional homicides (per 100,000 people),VC.IHR.PSRC.P5,,,,,,,,,,,,,,,,,,,,,,,,,,,,,,,,,,,,,,,,,,,,,,,,,,,,,8,,,,
Belgium,BEL,Intentional homicides (per 100,000 people),VC.IHR.PSRC.P5,,,,,,,,,,,,,,,,,,,,,,,,,,,,,,,,,,,,,,,,,2.1,2.7,3.1,2.2,2.6,2.1,2.1,2,1.9,1.7,1.7,1.9,1.6,,,,
Benin,BEN,Intentional homicides (per 100,000 people),VC.IHR.PSRC.P5,,,,,,,,,,,,,,,,,,,,,,,,,,,,,,,,,,,,,,,,,,,,,,,,,,,,,8.4,,,,
Burkina Faso,BFA,Intentional homicides (per 100,000 people),VC.IHR.PSRC.P5,,,,,,,,,,,,,,,,,,,,,,,,,,,,,,,,,,,,,,,,,,,,,,,,,,,,,8,,,,
Bangladesh,BGD,Intentional homicides (per 100,000 people),VC.IHR.PSRC.P5,,,,,,,,,,,,,,,,,,,,,,,,,,,,,,,,,,,,,,,,,2.5,2.7,2.6,2.5,2.8,2.5,2.9,2.6,2.8,2.8,2.6,,2.7,,,,
Bulgaria,BGR,Intentional homicides (per 100,000 people),VC.IHR.PSRC.P5,,,,,,,,,,,,,,,,,,,,,,,,,,,,,,,,,,,,5.91147812800959,5.29432391664897,4.85483790696472,4.68618316408135,4.05353090433035,,,,3.2,3.2,2.6,2.4,2.3,2.3,2,2,1.7,1.9,,,,
Bahrain,BHR,Intentional homicides (per 100,000 people),VC.IHR.PSRC.P5,,,,,,,,,,,,,,,,,,,,,,,,,,,,,,,,,,,,,,,,,,,,0.4,0.9,0.5,0.7,0.4,0.5,1.1,0.9,0.5,,,,,
Bahamas, The,BHS,Intentional homicides (per 100,000 people),VC.IHR.PSRC.P5,,,,,,,,,,,,,,,,,,,,,,,,,,,,,,,,,,,,,,,,,24.9,14.2,16.8,15.8,13.6,15.8,18.2,22.8,21,24.5,26.1,34.7,29.8,,,,
Bosnia and Herzegovina,BIH,Intentional homicides (per 100,000 people),VC.IHR.PSRC.P5,,,,,,,,,,,,,,,,,,,,,,,,,,,,,,,,,,,,,,,,,,,,,,,,,,1.8,1.5,1.3,,,,,
Belarus,BLR,Intentional homicides (per 100,000 people),VC.IHR.PSRC.P5,,,,,,,,,,,,,,,,,,,,,,,,,,,,,,,,,,,,9.34376499808112,9.46863023280921,10.0055054779408,10.1994514545983,9.6363914464461,10.1,9.8,10,9,8.4,8.5,7.6,6.8,5.7,5,5.1,,,,,,
Belize,BLZ,Intentional homicides (per 100,000 people),VC.IHR.PSRC.P5,,,,,,,,,,,,,,,,,,,,,,,,,,,,,,,,,,,,,,,,,17.2,26.1,34.6,25.9,29.8,29.8,33,33.9,35.1,32.2,41.8,39.2,44.7,,,,
Bermuda,BMU,Intentional homicides (per 100,000 people),VC.IHR.PSRC.P5,,,,,,,,,,,,,,,,,,,,,,,,,,,,,,,,,,,,,6.48287710085736,3.22632682690757,0,3.19718647590121,0,4.8,1.6,3.1,1.6,3.1,4.7,4.7,7.7,9.3,10.8,12.3,7.7,,,,
Bolivia,BOL,Intentional homicides (per 100,000 people),VC.IHR.PSRC.P5,,,,,,,,,,,,,,,,,,,,,,,,,,,,,,,,,,,,,,,,,,,,,,7,6.3,8.1,8.6,8.4,10.4,10,12.1,,,,
Brazil,BRA,Intentional homicides (per 100,000 people),VC.IHR.PSRC.P5,,,,,,,,,,,,,,,,,,,,,,,,,,,,,,,,,,,,,,,,,,,,,,,,23.5,23.9,23,22.2,23.4,25.2,,,,
Barbados,BRB,Intentional homicides (per 100,000 people),VC.IHR.PSRC.P5,,,,,,,,,,,,,,,,,,,,,,,,,,,,,,,,,,,,,,,7.52046506555965,8.62204694892,7.5,9.3,9.3,12.2,8.1,10.6,12.7,9.8,9,6.8,11.1,9.6,7.4,,,,
Brunei Darussalam,BRN,Intentional homicides (per 100,000 people),VC.IHR.PSRC.P5,,,,,,,,,,,,,,,,,,,,,,,,,,,,,,,,,,,,,,,,,,,,,,,,,,,,,2,,,,
Bhutan,BTN,Intentional homicides (per 100,000 people),VC.IHR.PSRC.P5,,,,,,,,,,,,,,,,,,,,,,,,,,,,,,,,,,,,,,,,,3.2,3.3,3.2,0.8,2.4,1.7,1.4,1.2,1,1.1,1.7,,,,,,
Botswana,BWA,Intentional homicides (per 100,000 people),VC.IHR.PSRC.P5,,,,,,,,,,,,,,,,,,,,,,,,,,,,,,,,,,,,,,,,,,,,,,,,,,,,,18.4,,,,
Central African Republic,CAF,Intentional homicides (per 100,000 people),VC.IHR.PSRC.P5,,,,,,,,,,,,,,,,,,,,,,,,,,,,,,,,,,,,,,,,,,,,,,,,,,,,,11.8,,,,
Canada,CAN,Intentional homicides (per 100,000 people),VC.IHR.PSRC.P5,,,,,,,,,,,,,,,,,,,,,,,,,,,,,,,,,,,,1.83604638194433,1.94373499056291,1.75207959788065,1.68028315892703,1.5863704840566,1.6,1.8,1.7,1.7,1.7,1.8,1.7,1.6,1.7,1.6,1.4,1.5,1.6,,,,
Central Europe and the Baltics,CEB,Intentional homicides (per 100,000 people),VC.IHR.PSRC.P5,,,,,,,,,,,,,,,,,,,,,,,,,,,,,,,,,,,,3.60054016148942,3.34231941704926,3.21595513446255,3.9594190905212,3.80010557377816,2.54105184042799,2.44465730996097,2.3272133463012,2.33176218183714,2.4347046365171,2.17162437830747,1.97215772233256,1.9161927339405,1.88683824485821,1.7393728846907,1.61563729732765,1.54686258585848,,,,,
Switzerland,CHE,Intentional homicides (per 100,000 people),VC.IHR.PSRC.P5,,,,,,,,,,,,,,,,,,,,,,,,,,,,,,,,,,,,1.16830718842316,1.17547705603329,1.22699680684659,1.06847399980992,1.2470679890258,1,1.2,1.2,1,1.1,1,0.8,0.7,0.7,0.7,0.7,0.6,,,,,
Channel Islands,CHI,Intentional homicides (per 100,000 people),VC.IHR.PSRC.P5,,,,,,,,,,,,,,,,,,,,,,,,,,,,,,,,,,,,,,,,,,,,,,,,,,,,,,,,,
Chile,CHL,Intentional homicides (per 100,000 people),VC.IHR.PSRC.P5,,,,,,,,,,,,,,,,,,,,,,,,,,,,,,,,,,,,,,,,,,,,3.2,,3.5,3.6,3.7,3.5,3.7,3.2,3.7,3.1,,,,
China,CHN,Intentional homicides (per 100,000 people),VC.IHR.PSRC.P5,,,,,,,,,,,,,,,,,,,,,,,,,,,,,,,,,,,,,,,,,,,2,1.9,1.9,1.6,1.4,1.2,1.1,1.1,1,,,,,,
Cote d'Ivoire,CIV,Intentional homicides (per 100,000 people),VC.IHR.PSRC.P5,,,,,,,,,,,,,,,,,,,,,,,,,,,,,,,,,,,,,,,,,,,,,,,,,,,,,13.6,,,,
Cameroon,CMR,Intentional homicides (per 100,000 people),VC.IHR.PSRC.P5,,,,,,,,,,,,,,,,,,,,,,,,,,,,,,,,,,,,,,,,,,,,,,,,,,,,,7.6,,,,
Congo, Rep.,COG,Intentional homicides (per 100,000 people),VC.IHR.PSRC.P5,,,,,,,,,,,,,,,,,,,,,,,,,,,,,,,,,,,,,,,,,,,,,,,,,,,,,12.5,,,,
Colombia,COL,Intentional homicides (per 100,000 people),VC.IHR.PSRC.P5,,,,,,,,,,,,,,,,,,,,,,,,,,,,,,,,,,,,69.6726338112749,71.7868996641331,67.1845498883999,60.0846549498988,62.2924485456268,66.5,68.6,68.9,53.8,44.8,39.6,36.8,34.7,33,33.7,32.3,33.6,30.8,,,,
Comoros,COM,Intentional homicides (per 100,000 people),VC.IHR.PSRC.P5,,,,,,,,,,,,,,,,,,,,,,,,,,,,,,,,,,,,,,,,,,,,,,,,,,,,,10,,,,
Cabo Verde,CPV,Intentional homicides (per 100,000 people),VC.IHR.PSRC.P5,,,,,,,,,,,,,,,,,,,,,,,,,,,,,,,,,,,,,,,,,,,,,,,,,6.4,6.2,10.7,15.1,10.3,,,,
Costa Rica,CRI,Intentional homicides (per 100,000 people),VC.IHR.PSRC.P5,,,,,,,,,,,,,,,,,,,,,,,,,,,,,,,,,,,,5.30424760689068,5.31332449653439,5.75616396076708,5.98837933602775,6.39435584564182,6.35336983756806,6.4,6.3,7.2,6.6,7.8,8,8.3,11.3,11.4,11.3,10,8.5,,,,
Caribbean small states,CSS,Intentional homicides (per 100,000 people),VC.IHR.PSRC.P5,,,,,,,,,,,,,,,,,,,,,,,,,,,,,,,,,,,,,,,,,21.5887797467846,26.1014740279426,26.7175395325067,26.9107460742694,34.0876361735419,39.5900369447172,34.4620622549221,38.2623951047097,41.7257643451025,41.2700504596908,37.9238898635004,31.9537235687371,29.0792469742942,,,,
Cuba,CUB,Intentional homicides (per 100,000 people),VC.IHR.PSRC.P5,,,,,,,,,,,,,,,,,,,,,,,,,,,,,,,,,,,,,,,,,,,,,,,,,,,,,4.2,,,,
Curacao,CUW,Intentional homicides (per 100,000 people),VC.IHR.PSRC.P5,,,,,,,,,,,,,,,,,,,,,,,,,,,,,,,,,,,,,,,,,,,,,,,,,,,,,,,,,
Cayman Islands,CYM,Intentional homicides (per 100,000 people),VC.IHR.PSRC.P5,,,,,,,,,,,,,,,,,,,,,,,,,,,,,,,,,,,,,,,2.8,,9.6,4.9,0,7.4,12.3,,2,3.9,7.6,14.7,,,,,,,
Cyprus,CYP,Intentional homicides (per 100,000 people),VC.IHR.PSRC.P5,,,,,,,,,,,,,,,,,,,,,,,,,,,,,,,,,,,,,,,,,,,,,1.6,1.9,1.4,1.2,0.8,1.7,0.7,0.8,2,,,,
Czech Republic,CZE,Intentional homicides (per 100,000 people),VC.IHR.PSRC.P5,,,,,,,,,,,,,,,,,,,,,,,,,,,,,,,,,,,,1.70553592735657,1.67797993717953,1.81624213868242,1.69281992375111,1.67635852045767,1.8,1.4,1.5,1.6,1.3,1.1,1.3,1.2,1.1,0.9,1,0.8,1,,,,
Germany,DEU,Intentional homicides (per 100,000 people),VC.IHR.PSRC.P5,,,,,,,,,,,,,,,,,,,,,,,,,,,,,,,,,,,,1.71611081784386,1.68125839587535,1.53657375318974,1.21189355246765,1.23874284846125,1.2,1.1,1.1,1,1,1,1,0.9,0.9,0.8,0.8,0.8,,,,,
Djibouti,DJI,Intentional homicides (per 100,000 people),VC.IHR.PSRC.P5,,,,,,,,,,,,,,,,,,,,,,,,,,,,,,,,,,,,,,,,,,,,,,,,,,,,,10.1,,,,
Dominica,DMA,Intentional homicides (per 100,000 people),VC.IHR.PSRC.P5,,,,,,,,,,,,,,,,,,,,,,,,,,,,,,,,,,,,,,,,,2.9,1.4,12.9,11.4,11.4,11.3,7.1,9.9,9.9,18.3,21.1,,,,,,
Denmark,DNK,Intentional homicides (per 100,000 people),VC.IHR.PSRC.P5,,,,,,,,,,,,,,,,,,,,,,,,,,,,,,,,,,,,1.14649009700071,1.31298198569687,1.6674334334046,0.924589534137072,0.977353957005448,1.1,1,1,1.2,0.8,1,0.5,0.7,1,0.9,0.8,0.8,0.8,,,,
Dominican Republic,DOM,Intentional homicides (per 100,000 people),VC.IHR.PSRC.P5,,,,,,,,,,,,,,,,,,,,,,,,,,,,,,,,,,,,12.720574702175,12.8122870826323,12.6730332990665,13.465983076827,12.6032079775233,14,12.4,14.3,21,24.3,25.6,22.6,22,24.6,24,24.7,24.8,22.1,,,,
Algeria,DZA,Intentional homicides (per 100,000 people),VC.IHR.PSRC.P5,,,,,,,,,,,,,,,,,,,,,,,,,,,,,,,,,,,,,,,,,,,,2,1.3,0.6,0.9,0.8,0.9,0.8,0.7,0.7,,,,,
East Asia & Pacific (developing only),EAP,Intentional homicides (per 100,000 people),VC.IHR.PSRC.P5,,,,,,,,,,,,,,,,,,,,,,,,,,,,,,,,,,,,,,,,,,,2.60004493332549,2.39857762475487,2.22131994849079,2.26413457808634,2.05291366744396,1.81455235456467,1.54031486042432,1.55767604499612,1.59108870502296,,,,,,
East Asia & Pacific (all income levels),EAS,Intentional homicides (per 100,000 people),VC.IHR.PSRC.P5,,,,,,,,,,,,,,,,,,,,,,,,,,,,,,,,,,,,,,,,,,,2.6123316045118,2.28270698298395,2.11252124396696,2.12592762379741,1.93851665370955,1.72212407661456,1.48421826294122,1.4953006408537,1.51632801150039,,,,,,
Europe & Central Asia (developing only),ECA,Intentional homicides (per 100,000 people),VC.IHR.PSRC.P5,,,,,,,,,,,,,,,,,,,,,,,,,,,,,,,,,,,,,,,,,,,,5.70294383821463,5.56791201664955,5.37490525770125,5.11426546579876,4.5488956274275,4.21158423755718,3.93986757916864,3.89804428153496,,,,,,
Europe & Central Asia (all income levels),ECS,Intentional homicides (per 100,000 people),VC.IHR.PSRC.P5,,,,,,,,,,,,,,,,,,,,,,,,,,,,,,,,,,,,3.51768821290722,3.47679353513907,3.48965586295684,3.37521698185138,3.26718101925153,,,,2.75723537692488,2.73132762015796,2.61714440761583,2.47521089228856,2.2861262000485,3.72071597613194,3.52902088861955,3.32407793457283,3.07208549411665,,,,,
Ecuador,ECU,Intentional homicides (per 100,000 people),VC.IHR.PSRC.P5,,,,,,,,,,,,,,,,,,,,,,,,,,,,,,,,,,,,,,,,,14.6,13,14.6,14.6,17.7,15.4,17,15.9,18,17.8,17.6,15.4,12.4,,,,
Egypt, Arab Rep.,EGY,Intentional homicides (per 100,000 people),VC.IHR.PSRC.P5,,,,,,,,,,,,,,,,,,,,,,,,,,,,,,,,,,,,,,,,,,,,0.7,0.5,0.7,0.8,0.9,1.3,1.2,2.4,3.4,,,,,
Euro area,EMU,Intentional homicides (per 100,000 people),VC.IHR.PSRC.P5,,,,,,,,,,,,,,,,,,,,,,,,,,,,,,,,,,,,2.07343313130587,1.88345337242522,1.75044918745032,1.62089467714695,1.57803582074801,1.51822801175237,1.50685553008465,1.50349390931788,1.40739984122771,1.46113842872481,1.39880324237742,1.31140914208427,1.27859476177994,1.20774739153899,1.11964422859366,1.07741610486607,1.10000788108585,1.0951583673756,,,,
Eritrea,ERI,Intentional homicides (per 100,000 people),VC.IHR.PSRC.P5,,,,,,,,,,,,,,,,,,,,,,,,,,,,,,,,,,,,,,,,,,,,,,,,,,,,,7.1,,,,
Spain,ESP,Intentional homicides (per 100,000 people),VC.IHR.PSRC.P5,,,,,,,,,,,,,,,,,,,,,,,,,,,,,,,,,,,,1.0424372395714,1.00456716212155,1.16893652427252,1.31373525561828,1.21655384339648,1.4,1.4,1.4,1.4,1.2,1.2,1.1,1.1,0.9,0.9,0.8,0.8,0.8,,,,
Estonia,EST,Intentional homicides (per 100,000 people),VC.IHR.PSRC.P5,,,,,,,,,,,,,,,,,,,,,,,,,,,,,,,,,,,,17.0749144519022,15.0733204341398,12.6853992479981,14.0965208923385,11.3771248773517,10.5,10.1,10.5,11,6.8,8.5,6.9,7.1,6.4,5.4,5.4,5,,,,,
Ethiopia,ETH,Intentional homicides (per 100,000 people),VC.IHR.PSRC.P5,,,,,,,,,,,,,,,,,,,,,,,,,,,,,,,,,,,,,,,,,,,,,,,,,,,,,12,,,,
European Union,EUU,Intentional homicides (per 100,000 people),VC.IHR.PSRC.P5,,,,,,,,,,,,,,,,,,,,,,,,,,,,,,,,,,,,2.13421990764183,1.96696342881764,1.87571668626415,1.98040347529636,1.92731511812945,1.65317273449854,1.64467827606409,1.64029375312587,1.5546828755741,1.56191268138075,1.4531721728566,1.3631347871421,1.34025723282571,1.25545435932468,1.17818623361943,1.13803717254321,1.1123288255141,,,,,
Fragile and conflict affected situations,FCS,Intentional homicides (per 100,000 people),VC.IHR.PSRC.P5,,,,,,,,,,,,,,,,,,,,,,,,,,,,,,,,,,,,,,,,,,,,,,,,,,,,,13.3670508755927,,,,
Finland,FIN,Intentional homicides (per 100,000 people),VC.IHR.PSRC.P5,,,,,,,,,,,,,,,,,,,,,,,,,,,,,,,,,,,,2.8583723488107,2.98526275287663,2.70467112269342,2.1937385653804,2.77024677474504,2.9,3,2.5,2,2.8,2.2,2.3,2.5,2.5,2.2,2.2,2.1,1.6,,,,
Fiji,FJI,Intentional homicides (per 100,000 people),VC.IHR.PSRC.P5,,,,,,,,,,,,,,,,,,,,,,,,,,,,,,,,,,,,,,,,,,,,,,,,,,,,,4,,,,
France,FRA,Intentional homicides (per 100,000 people),VC.IHR.PSRC.P5,,,,,,,,,,,,,,,,,,,,,,,,,,,,,,,,,,,,2.30964046176144,2.01696350708443,1.65263956656979,1.64284349848874,1.62208425674125,1.8,1.8,1.9,1.6,1.6,1.6,1.4,1.3,1.3,1.1,1.1,1.2,1,,,,
Faeroe Islands,FRO,Intentional homicides (per 100,000 people),VC.IHR.PSRC.P5,,,,,,,,,,,,,,,,,,,,,,,,,,,,,,,,,,,,,,,,,,,,,,,,,,,,,,,,,
Micronesia, Fed. Sts.,FSM,Intentional homicides (per 100,000 people),VC.IHR.PSRC.P5,,,,,,,,,,,,,,,,,,,,,,,,,,,,,,,,,,,,,,,,,,,,,,,,,,,,,4.6,,,,
Gabon,GAB,Intentional homicides (per 100,000 people),VC.IHR.PSRC.P5,,,,,,,,,,,,,,,,,,,,,,,,,,,,,,,,,,,,,,,,,,,,,,,,,,,,,9.1,,,,
United Kingdom,GBR,Intentional homicides (per 100,000 people),VC.IHR.PSRC.P5,,,,,,,,,,,,,,,,,,,,,,,,,,,,,,,,,,,,1.46863785301919,1.32075471698113,1.433281613654,1.45011600928074,1.47497737469432,1.7,1.8,2,1.7,1.6,1.5,1.4,1.4,1.2,1.2,1.2,1,,,,,
Georgia,GEO,Intentional homicides (per 100,000 people),VC.IHR.PSRC.P5,,,,,,,,,,,,,,,,,,,,,,,,,,,,,,,,,,,,7.71314365049478,5.40828982664628,5.78730849339303,4.99620247490899,5.07789575329751,5,5.6,6.3,6.6,6.6,9,7.3,7.5,6,4.8,4.3,,,,,,
Ghana,GHA,Intentional homicides (per 100,000 people),VC.IHR.PSRC.P5,,,,,,,,,,,,,,,,,,,,,,,,,,,,,,,,,,,,,,,,,,,,,,,,,,,,,6.1,,,,
Guinea,GIN,Intentional homicides (per 100,000 people),VC.IHR.PSRC.P5,,,,,,,,,,,,,,,,,,,,,,,,,,,,,,,,,,,,,,,,,,,,,,,,,,,,,8.9,,,,
Gambia, The,GMB,Intentional homicides (per 100,000 people),VC.IHR.PSRC.P5,,,,,,,,,,,,,,,,,,,,,,,,,,,,,,,,,,,,,,,,,,,,,,,,,,,,,10.2,,,,
Guinea-Bissau,GNB,Intentional homicides (per 100,000 people),VC.IHR.PSRC.P5,,,,,,,,,,,,,,,,,,,,,,,,,,,,,,,,,,,,,,,,,,,,,,,,,,,,,8.4,,,,
Equatorial Guinea,GNQ,Intentional homicides (per 100,000 people),VC.IHR.PSRC.P5,,,,,,,,,,,,,,,,,,,,,,,,,,,,,,,,,,,,,,,,,,,,,,,,,,,,,19.3,,,,
Greece,GRC,Intentional homicides (per 100,000 people),VC.IHR.PSRC.P5,,,,,,,,,,,,,,,,,,,,,,,,,,,,,,,,,,,,1.41494286488823,1.57141461067831,1.87530704688656,1.61696282198232,1.4171283457486,0.7,1.2,0.9,1.1,1,1.2,1,1.2,1.3,1.3,1.6,1.7,,,,,
Grenada,GRD,Intentional homicides (per 100,000 people),VC.IHR.PSRC.P5,,,,,,,,,,,,,,,,,,,,,,,,,,,,,,,,,,,,,,,,,14.8,5.9,13.7,8.8,5.8,10.7,11.6,10.6,15.4,6.7,9.6,3.8,13.3,,,,
Greenland,GRL,Intentional homicides (per 100,000 people),VC.IHR.PSRC.P5,,,,,,,,,,,,,,,,,,,,,,,,,,,,,,,,,,,,19.778125393315,5.39015757227303,19.7337734562807,10.7397927220005,19.6351433365464,23.1,30.2,21.2,8.8,19.3,17.6,17.6,3.5,10.6,19.4,,,,,,,
Guatemala,GTM,Intentional homicides (per 100,000 people),VC.IHR.PSRC.P5,,,,,,,,,,,,,,,,,,,,,,,,,,,,,,,,,,,,32.5489794746735,35.3196220849234,38.1433409197048,30.8677838628448,24.1928561548357,25.9,28.1,30.9,35.1,36.4,42.1,45.3,43.4,46.1,46.5,41.6,38.6,39.9,,,,
Guam,GUM,Intentional homicides (per 100,000 people),VC.IHR.PSRC.P5,,,,,,,,,,,,,,,,,,,,,,,,,,,,,,,,,,,,,,,,,1.3,5.1,1.3,5.1,5.7,4.4,6.9,0.6,0.6,3.2,1.9,2.5,,,,,
Guyana,GUY,Intentional homicides (per 100,000 people),VC.IHR.PSRC.P5,,,,,,,,,,,,,,,,,,,,,,,,,,,,,,,,,,,,14.9729593848174,12.0714961796458,11.9220054183459,15.4697463782996,12.4402594135853,9.9,10.6,18.9,27.3,17.3,18.7,20,14.9,20.4,15,17.8,16.4,17,,,,
High income,HIC,Intentional homicides (per 100,000 people),VC.IHR.PSRC.P5,,,,,,,,,,,,,,,,,,,,,,,,,,,,,,,,,,,,4.29518916902004,4.05565366375714,3.78895708788033,3.62482939771779,3.52479681962534,4.07318205929743,4.44235913533744,4.36838341704849,3.94193868818318,3.68600331614019,3.67037067263256,3.88362905271956,3.87361384020938,4.80429824054546,4.56570170579216,4.26410458597622,4.02767769145701,5.52257212899639,,,,
Hong Kong SAR, China,HKG,Intentional homicides (per 100,000 people),VC.IHR.PSRC.P5,,,,,,,,,,,,,,,,,,,,,,,,,,,,,,,,,,,,,,,,,0.6,1,1,0.8,0.7,0.5,0.5,0.3,0.5,0.7,0.5,0.2,0.4,,,,
Honduras,HND,Intentional homicides (per 100,000 people),VC.IHR.PSRC.P5,,,,,,,,,,,,,,,,,,,,,,,,,,,,,,,,,,,,,,,,42.0842525751359,50.9,54.8,55.8,61.4,53.8,46.6,44.3,50,60.8,70.7,81.8,91.4,90.4,,,,
Heavily indebted poor countries (HIPC),HPC,Intentional homicides (per 100,000 people),VC.IHR.PSRC.P5,,,,,,,,,,,,,,,,,,,,,,,,,,,,,,,,,,,,,,,,,,,,,,,,,,,,,12.8225410192089,,,,
Croatia,HRV,Intentional homicides (per 100,000 people),VC.IHR.PSRC.P5,,,,,,,,,,,,,,,,,,,,,,,,,,,,,,,,,,,,3.55536441307252,2.61987765600835,2.55113622851262,2.85855062318586,2.66517358209461,2.3,1.8,1.6,1.5,1.9,1.5,1.6,1.4,1.5,1.1,1.4,1.1,1.2,,,,
Haiti,HTI,Intentional homicides (per 100,000 people),VC.IHR.PSRC.P5,,,,,,,,,,,,,,,,,,,,,,,,,,,,,,,,,,,,,,,,,,,,,,,,5.1,5.2,6.1,6.8,9.1,10.2,,,,
Hungary,HUN,Intentional homicides (per 100,000 people),VC.IHR.PSRC.P5,,,,,,,,,,,,,,,,,,,,,,,,,,,,,,,,,,,,2.86505133910661,2.62749838980887,2.80818575458866,2.81539704599579,2.47132530045162,2,2.5,2,2.2,2.1,1.6,1.7,1.5,1.5,1.4,1.3,1.4,1.3,,,,
Indonesia,IDN,Intentional homicides (per 100,000 people),VC.IHR.PSRC.P5,,,,,,,,,,,,,,,,,,,,,,,,,,,,,,,,,,,,,,,,,1.1,,,0.7,0.6,,,,0.6,0.6,0.4,0.6,0.6,,,,
Isle of Man,IMN,Intentional homicides (per 100,000 people),VC.IHR.PSRC.P5,,,,,,,,,,,,,,,,,,,,,,,,,,,,,,,,,,,,,,,,,,,,,,,,,,,,,,,,,
India,IND,Intentional homicides (per 100,000 people),VC.IHR.PSRC.P5,,,,,,,,,,,,,,,,,,,,,,,,,,,,,,,,,,,,4.36626277958339,4.39507984612006,4.35247069459663,4.47327353382515,4.23340240421416,4.5,4.3,4.2,3.7,3.8,3.7,3.6,3.6,3.6,3.5,3.5,3.6,3.5,,,,
Not classified,INX,Intentional homicides (per 100,000 people),VC.IHR.PSRC.P5,,,,,,,,,,,,,,,,,,,,,,,,,,,,,,,,,,,,,,,,,,,,,,,,,,,,,,,,,
Ireland,IRL,Intentional homicides (per 100,000 people),VC.IHR.PSRC.P5,,,,,,,,,,,,,,,,,,,,,,,,,,,,,,,,,,,,1.19081972152542,1.15433547792375,1.03546184323108,1.02517423240754,1.01307803766784,1,1.3,1.3,1.1,0.7,1.3,1.5,1.8,1.1,1.3,1.2,0.9,1.2,,,,
Iran, Islamic Rep.,IRN,Intentional homicides (per 100,000 people),VC.IHR.PSRC.P5,,,,,,,,,,,,,,,,,,,,,,,,,,,,,,,,,,,,,,,,,,,,,,,,,,,,,4.1,,,,
Iraq,IRQ,Intentional homicides (per 100,000 people),VC.IHR.PSRC.P5,,,,,,,,,,,,,,,,,,,,,,,,,,,,,,,,,,,,,,,,,,,,,,,,,,,,,8,,,,
Iceland,ISL,Intentional homicides (per 100,000 people),VC.IHR.PSRC.P5,,,,,,,,,,,,,,,,,,,,,,,,,,,,,,,,,,,,0,0.370207204972623,0.733041094283746,0,0.718383063400897,1.8,0.4,1.4,0,1,1,0,0.7,0,0.3,0.6,0.9,0.3,,,,
Israel,ISR,Intentional homicides (per 100,000 people),VC.IHR.PSRC.P5,,,,,,,,,,,,,,,,,,,,,,,,,,,,,,,,,,,,2.10049400993496,2.13240056907757,2.77048404440944,2.54981904090378,2.32504226655303,2.4,3.6,3.6,3.1,2.7,2.5,2.7,1.8,1.9,1.8,2,2,1.8,,,,
Italy,ITA,Intentional homicides (per 100,000 people),VC.IHR.PSRC.P5,,,,,,,,,,,,,,,,,,,,,,,,,,,,,,,,,,,,1.77643467769709,1.67374034178937,1.53458619786494,1.54085584551281,1.41541754017417,1.3,1.2,1.1,1.2,1.2,1,1.1,1.1,1,1,0.9,0.9,0.9,,,,
Jamaica,JAM,Intentional homicides (per 100,000 people),VC.IHR.PSRC.P5,,,,,,,,,,,,,,,,,,,,,,,,,,,,,,,,,,,,31.687789151076,37.2282538701285,41.3732573308988,33.9049949675357,33.3854182344587,34.4,43.7,39.8,36.8,55.2,62.4,49.7,58.5,59.5,61.6,52.6,41.1,39.3,,,,
Jordan,JOR,Intentional homicides (per 100,000 people),VC.IHR.PSRC.P5,,,,,,,,,,,,,,,,,,,,,,,,,,,,,,,,,,,,,,,,,,,,,,1.3,1.8,1.7,1.7,1.5,1.7,2,,,,,
Japan,JPN,Intentional homicides (per 100,000 people),VC.IHR.PSRC.P5,,,,,,,,,,,,,,,,,,,,,,,,,,,,,,,,,,,,0.543833004420133,0.493530480386386,0.541203531611255,0.571311769404654,0.536916519813227,,,,0.6,0.6,0.5,0.5,0.5,0.5,0.4,0.4,0.3,,,,,
Kazakhstan,KAZ,Intentional homicides (per 100,000 people),VC.IHR.PSRC.P5,,,,,,,,,,,,,,,,,,,,,,,,,,,,,,,,,,,,15.3649540781269,16.7063971308529,16.6680809672214,16.5802074248802,15.7402297198345,16,14.8,13.5,13.5,14,12,11.4,10.8,10.5,10.2,8.7,8.8,7.8,,,,
Kenya,KEN,Intentional homicides (per 100,000 people),VC.IHR.PSRC.P5,,,,,,,,,,,,,,,,,,,,,,,,,,,,,,,,,,,,,,,,,,,,,4,3.5,3.5,3.4,3.6,5.6,5.5,6.3,6.4,,,,
Kyrgyz Republic,KGZ,Intentional homicides (per 100,000 people),VC.IHR.PSRC.P5,,,,,,,,,,,,,,,,,,,,,,,,,,,,,,,,,,,,11.6503543558715,11.1401719106683,9.26304364201776,8.81035351284342,8.83878204441233,8.67836564174496,7.73832124939006,8.21442404895557,8.4,8.4,8.3,8.3,8.3,8.3,8,20.1,9.1,,,,,
Cambodia,KHM,Intentional homicides (per 100,000 people),VC.IHR.PSRC.P5,,,,,,,,,,,,,,,,,,,,,,,,,,,,,,,,,,,,3.5544070035964,4.72996523737357,6.75975926391762,6.6159814078408,4.75278405983305,,,,,,,,,,,,,6.5,,,,
Kiribati,KIR,Intentional homicides (per 100,000 people),VC.IHR.PSRC.P5,,,,,,,,,,,,,,,,,,,,,,,,,,,,,,,,,,,,,,,,,,,,,,,,,,,,,8.2,,,,
St. Kitts and Nevis,KNA,Intentional homicides (per 100,000 people),VC.IHR.PSRC.P5,,,,,,,,,,,,,,,,,,,,,,,,,,,,,,,,,,,,9.27622272210756,9.15038660383401,15.8006410545799,17.822135091784,13.1929022186064,6.6,13,10.7,21,22.7,16.3,34.1,31.7,45,52.2,40.1,64.2,33.6,,,,
Korea, Rep.,KOR,Intentional homicides (per 100,000 people),VC.IHR.PSRC.P5,,,,,,,,,,,,,,,,,,,,,,,,,,,,,,,,,,,,,,,,,,,,,,,,,,,,0.9,,,,,
Kosovo,KSV,Intentional homicides (per 100,000 people),VC.IHR.PSRC.P5,,,,,,,,,,,,,,,,,,,,,,,,,,,,,,,,,,,,,,,,,,,,,,,,,4.4,3.2,3.6,,,,,,
Kuwait,KWT,Intentional homicides (per 100,000 people),VC.IHR.PSRC.P5,,,,,,,,,,,,,,,,,,,,,,,,,,,,,,,,,,,,,,,,,,,,,,,,,,,,,0.4,,,,
Latin America & Caribbean (developing only),LAC,Intentional homicides (per 100,000 people),VC.IHR.PSRC.P5,,,,,,,,,,,,,,,,,,,,,,,,,,,,,,,,,,,,,,,,,,,,,,,,20.1763043243796,21.692517597956,22.9009828990249,23.4666393859439,24.3200399243705,23.5461436504363,,,,
Lao PDR,LAO,Intentional homicides (per 100,000 people),VC.IHR.PSRC.P5,,,,,,,,,,,,,,,,,,,,,,,,,,,,,,,,,,,,,,,,,,,,,,,,,,,,,5.9,,,,
Lebanon,LBN,Intentional homicides (per 100,000 people),VC.IHR.PSRC.P5,,,,,,,,,,,,,,,,,,,,,,,,,,,,,,,,,,,,,,,,,,,,,3.2,3.9,2.1,2.6,6,1.9,2.2,,,,,,
Liberia,LBR,Intentional homicides (per 100,000 people),VC.IHR.PSRC.P5,,,,,,,,,,,,,,,,,,,,,,,,,,,,,,,,,,,,,,,,,,,,,,,,2.8,4.8,3.8,3.3,3.9,3.2,,,,
Libya,LBY,Intentional homicides (per 100,000 people),VC.IHR.PSRC.P5,,,,,,,,,,,,,,,,,,,,,,,,,,,,,,,,,,,,,,,,,,,,,,,,,,,,,1.7,,,,
St. Lucia,LCA,Intentional homicides (per 100,000 people),VC.IHR.PSRC.P5,,,,,,,,,,,,,,,,,,,,,,,,,,,,,,,,,,,,,,,,,14.7,21.4,26.2,22.3,22.6,24.8,25.6,17,22.6,22.3,24.8,,21.6,,,,
Latin America & Caribbean (all income levels),LCN,Intentional homicides (per 100,000 people),VC.IHR.PSRC.P5,,,,,,,,,,,,,,,,,,,,,,,,,,,,,,,,,,,,,,,,,,,,,,,,19.9177410585083,21.4767201400227,22.3424561581985,22.6239435415534,24.8285363761273,24.4337993551473,,,,
Least developed countries: UN classification,LDC,Intentional homicides (per 100,000 people),VC.IHR.PSRC.P5,,,,,,,,,,,,,,,,,,,,,,,,,,,,,,,,,,,,,,,,,,,,,,,,,,,,,10.3628216113471,,,,
Low income,LIC,Intentional homicides (per 100,000 people),VC.IHR.PSRC.P5,,,,,,,,,,,,,,,,,,,,,,,,,,,,,,,,,,,,,,,,,,,,,,,,,,,,,12.138739278348,,,,
Liechtenstein,LIE,Intentional homicides (per 100,000 people),VC.IHR.PSRC.P5,,,,,,,,,,,,,,,,,,,,,,,,,,,,,,,,,,,,0,0,0,0,3.07976593778873,0,0,0,0,2.9,0,0,0,2.8,0,2.8,0,0,,,,
Sri Lanka,LKA,Intentional homicides (per 100,000 people),VC.IHR.PSRC.P5,,,,,,,,,,,,,,,,,,,,,,,,,,,,,,,,,,,,,,,,,,,,6.7,7,6.1,10.2,8.2,7.3,4.7,3.6,3.4,,,,,
Lower middle income,LMC,Intentional homicides (per 100,000 people),VC.IHR.PSRC.P5,,,,,,,,,,,,,,,,,,,,,,,,,,,,,,,,,,,,,,,,,4.60715624236852,,,4.17081358490818,4.20588310014952,4.63492900063706,4.64905774843985,4.605356957257,4.27009259129371,4.33031025723259,4.48456260685675,4.75157888788845,5.97928825866146,,,,
Low & middle income,LMY,Intentional homicides (per 100,000 people),VC.IHR.PSRC.P5,,,,,,,,,,,,,,,,,,,,,,,,,,,,,,,,,,,,,,,,,,,,4.83099117316881,4.66898933841351,4.78500275548415,4.70173337056941,5.39576575800588,5.28785743662351,5.34801142722557,5.42463069184141,,9.05936137207973,,,,
Lesotho,LSO,Intentional homicides (per 100,000 people),VC.IHR.PSRC.P5,,,,,,,,,,,,,,,,,,,,,,,,,,,,,,,,,,,,,,,,,,,,,,,,45.8,38.1,36.3,38,,,,,,
Lithuania,LTU,Intentional homicides (per 100,000 people),VC.IHR.PSRC.P5,,,,,,,,,,,,,,,,,,,,,,,,,,,,,,,,,,,,13.8326154334513,11.2373766801959,10.9305565805864,8.76101747245491,8.76911183937939,,,,,10.3,11.3,8.9,8.7,9.5,8.1,7.1,6.9,6.7,,,,
Luxembourg,LUX,Intentional homicides (per 100,000 people),VC.IHR.PSRC.P5,,,,,,,,,,,,,,,,,,,,,,,,,,,,,,,,,,,,0.490771050397279,0.967639709030739,0.95384578698239,0.940698374473209,1.39324277255312,0.9,2,1.4,0.7,0.4,0.9,1.9,1.5,1.6,1,2,0.8,,,,,
Latvia,LVA,Intentional homicides (per 100,000 people),VC.IHR.PSRC.P5,,,,,,,,,,,,,,,,,,,,,,,,,,,,,,,,,,,,11.5565417851246,10.8827316631047,11.1521389556514,10.3313512291622,9.53192821334203,10,9.3,9.2,8.8,8,5.7,5.8,4.3,4.6,5.1,3.3,3.3,4.7,,,,
Macao SAR, China,MAC,Intentional homicides (per 100,000 people),VC.IHR.PSRC.P5,,,,,,,,,,,,,,,,,,,,,,,,,,,,,,,,,,,,,,,6.06954767863146,9.67260533927815,5.1,,,2.9,2.2,1.5,2.3,2.2,1.6,1.9,0.7,,,,,,
St. Martin (French part),MAF,Intentional homicides (per 100,000 people),VC.IHR.PSRC.P5,,,,,,,,,,,,,,,,,,,,,,,,,,,,,,,,,,,,,,,,,,,,,,,,,,,,,,,,,
Morocco,MAR,Intentional homicides (per 100,000 people),VC.IHR.PSRC.P5,,,,,,,,,,,,,,,,,,,,,,,,,,,,,,,,,,,,,,,,1.89843953192356,1.6,1.9,1.6,1.7,1.6,1.6,1.6,1.7,1.4,1.4,1.4,1.4,2.2,,,,
Monaco,MCO,Intentional homicides (per 100,000 people),VC.IHR.PSRC.P5,,,,,,,,,,,,,,,,,,,,,,,,,,,,,,,,,,,,,,,,,,3.1,,,3,3,2.9,0,0,,,,,,,,
Moldova,MDA,Intentional homicides (per 100,000 people),VC.IHR.PSRC.P5,,,,,,,,,,,,,,,,,,,,,,,,,,,,,,,,,,,,9.10400460962259,9.28573434953315,9.32440252368,8.45713040326535,9.11905380697699,10.5,10.1,10.1,8.2,7.2,7.9,7.1,5.9,6.5,6.8,7.5,8.6,6.5,,,,
Madagascar,MDG,Intentional homicides (per 100,000 people),VC.IHR.PSRC.P5,,,,,,,,,,,,,,,,,,,,,,,,,,,,,,,,,,,,,,,,,,,,,,,,,,,,,11.1,,,,
Maldives,MDV,Intentional homicides (per 100,000 people),VC.IHR.PSRC.P5,,,,,,,,,,,,,,,,,,,,,,,,,,,,,,,,,,,,,,,,,,,,,,,,,,,,,3.9,,,,
Middle East & North Africa (all income levels),MEA,Intentional homicides (per 100,000 people),VC.IHR.PSRC.P5,,,,,,,,,,,,,,,,,,,,,,,,,,,,,,,,,,,,,,,,,,,,,,,,,,,,,,,,,
Mexico,MEX,Intentional homicides (per 100,000 people),VC.IHR.PSRC.P5,,,,,,,,,,,,,,,,,,,,,,,,,,,,,,,,,,,,16.919404883017,15.4541353492245,14.1992969608716,14.0780699700077,12.4338048853921,10.3,9.8,9.5,9.3,8.5,9,9.3,7.8,12.2,17,21.8,22.8,21.5,,,,
Marshall Islands,MHL,Intentional homicides (per 100,000 people),VC.IHR.PSRC.P5,,,,,,,,,,,,,,,,,,,,,,,,,,,,,,,,,,,,,,,,,,,,,,,,,,,,,4.7,,,,
Middle income,MIC,Intentional homicides (per 100,000 people),VC.IHR.PSRC.P5,,,,,,,,,,,,,,,,,,,,,,,,,,,,,,,,,,,,,,,,,,,5.57792284169499,4.8278276360392,4.66282852924938,4.77872117802854,4.68133551015605,5.39293902182382,5.27638113504661,5.35136367922507,5.43127356829106,,,,,,
Macedonia, FYR,MKD,Intentional homicides (per 100,000 people),VC.IHR.PSRC.P5,,,,,,,,,,,,,,,,,,,,,,,,,,,,,,,,,,,,,,,2.40914995151586,1.89888155876189,2.3,2.7,2.9,3.4,2.3,2.1,2.2,2,1.7,1.7,2,1.4,,,,,
Mali,MLI,Intentional homicides (per 100,000 people),VC.IHR.PSRC.P5,,,,,,,,,,,,,,,,,,,,,,,,,,,,,,,,,,,,,,,,,,,,,,,,,,,,,7.5,,,,
Malta,MLT,Intentional homicides (per 100,000 people),VC.IHR.PSRC.P5,,,,,,,,,,,,,,,,,,,,,,,,,,,,,,,,,,,,,,,1.27087733746114,2.52947470398822,1,1.5,1.5,0,1.7,1,0,1,1.4,0.9,0.9,0.7,2.8,,,,
Myanmar,MMR,Intentional homicides (per 100,000 people),VC.IHR.PSRC.P5,,,,,,,,,,,,,,,,,,,,,,,,,,,,,,,,,,,,,,,,,,,,,,,,,,,,,15.2,,,,
Middle East & North Africa (developing only),MNA,Intentional homicides (per 100,000 people),VC.IHR.PSRC.P5,,,,,,,,,,,,,,,,,,,,,,,,,,,,,,,,,,,,,,,,,,,,,,,,,,,,,,,,,
Montenegro,MNE,Intentional homicides (per 100,000 people),VC.IHR.PSRC.P5,,,,,,,,,,,,,,,,,,,,,,,,,,,,,,,,,,,,,,,,,,,,,,,,1.9,3.9,3.4,2.4,3.4,2.7,,,,
Mongolia,MNG,Intentional homicides (per 100,000 people),VC.IHR.PSRC.P5,,,,,,,,,,,,,,,,,,,,,,,,,,,,,,,,,,,,,,,,,,,,13.9,13.3,15.8,13.1,11.3,8.1,8.2,8.8,9.7,,,,,
Northern Mariana Islands,MNP,Intentional homicides (per 100,000 people),VC.IHR.PSRC.P5,,,,,,,,,,,,,,,,,,,,,,,,,,,,,,,,,,,,,,,,,,,,,,,,,,,,,,,,,
Mozambique,MOZ,Intentional homicides (per 100,000 people),VC.IHR.PSRC.P5,,,,,,,,,,,,,,,,,,,,,,,,,,,,,,,,,,,,,,,,4.87139563098585,,,,,,,,,,,,,12.4,,,,
Mauritania,MRT,Intentional homicides (per 100,000 people),VC.IHR.PSRC.P5,,,,,,,,,,,,,,,,,,,,,,,,,,,,,,,,,,,,,,,,,,,,,,,,,,,,,5,,,,
Mauritius,MUS,Intentional homicides (per 100,000 people),VC.IHR.PSRC.P5,,,,,,,,,,,,,,,,,,,,,,,,,,,,,,,,,,,,2.19857919018414,2.95537042960655,2.06471505211685,2.64178052598702,1.94179675297813,,,,,,,,,,3.1,2.7,2.8,,,,,
Malawi,MWI,Intentional homicides (per 100,000 people),VC.IHR.PSRC.P5,,,,,,,,,,,,,,,,,,,,,,,,,,,,,,,,,,,,,,,,,6.2,7.7,4.8,2.5,3.3,1.5,6.2,5,5.5,2.2,3.5,2.2,1.8,,,,
Malaysia,MYS,Intentional homicides (per 100,000 people),VC.IHR.PSRC.P5,,,,,,,,,,,,,,,,,,,,,,,,,,,,,,,,,,,,1.91112220033869,2.10381632280958,2.47916821519033,2.81779131034374,2.57131259998274,,,,,,,,,,,,,2.34684273562266,,,,
North America,NAC,Intentional homicides (per 100,000 people),VC.IHR.PSRC.P5,,,,,,,,,,,,,,,,,,,,,,,,,,,,,,,,,,,,7.48946128277128,6.76158744697941,6.18961776562506,5.7074618724128,5.16579895780216,5.11551361038474,6.12768327263259,5.21584890247881,5.21567262288125,5.12498284897881,5.22504207892634,5.39636249107064,5.20617473564857,5.03587016247405,4.66500327480825,4.37439002831117,4.38391490691031,4.39179031024306,,,,
Namibia,NAM,Intentional homicides (per 100,000 people),VC.IHR.PSRC.P5,,,,,,,,,,,,,,,,,,,,,,,,,,,,,,,,,,,,22.5875525024344,20.7528035391467,18.6657472692069,22.5787607644381,20.4750425978129,20,18.3,17.7,,17.6,,,,16.8,18.1,14.4,13.9,17.2,,,,
New Caledonia,NCL,Intentional homicides (per 100,000 people),VC.IHR.PSRC.P5,,,,,,,,,,,,,,,,,,,,,,,,,,,,,,,,,,,,,,,,,,,,,,,3.4,5.1,4.6,3.3,,,,,,,
Niger,NER,Intentional homicides (per 100,000 people),VC.IHR.PSRC.P5,,,,,,,,,,,,,,,,,,,,,,,,,,,,,,,,,,,,,,,,,,,,,,,,,,,,,4.7,,,,
Nigeria,NGA,Intentional homicides (per 100,000 people),VC.IHR.PSRC.P5,,,,,,,,,,,,,,,,,,,,,,,,,,,,,,,,,,,,,,,,,,,,,,,,,,,,,20,,,,
Nicaragua,NIC,Intentional homicides (per 100,000 people),VC.IHR.PSRC.P5,,,,,,,,,,,,,,,,,,,,,,,,,,,,,,,,,,,,15.2467953694598,13.9864158520601,14.0731251187873,13.0092595797215,11.2318383576289,9.3,10.4,10.6,11.9,12,13.4,13.1,12.8,13,14,13.5,12.5,11.3,,,,
Netherlands,NLD,Intentional homicides (per 100,000 people),VC.IHR.PSRC.P5,,,,,,,,,,,,,,,,,,,,,,,,,,,,,,,,,,,,1.93876800047205,1.35978823908196,1.33283633916763,1.12168318759418,1.28680287929434,1.1,1.3,1.2,1.3,1.2,1.1,0.8,0.9,0.9,0.9,0.9,0.9,0.9,,,,
High income: nonOECD,NOC,Intentional homicides (per 100,000 people),VC.IHR.PSRC.P5,,,,,,,,,,,,,,,,,,,,,,,,,,,,,,,,,,,,,,,,,,,,,,,,,13.486271468108,13.0449689817601,12.1057986515523,12.9500442723651,12.7881177825991,,,,
Norway,NOR,Intentional homicides (per 100,000 people),VC.IHR.PSRC.P5,,,,,,,,,,,,,,,,,,,,,,,,,,,,,,,,,,,,0.986443060671295,0.980584651934636,0.86126943862458,0.856000836177659,0.828544198578308,1.1,0.8,1,1.1,0.8,0.7,0.7,0.6,0.7,0.6,0.6,2.2,,,,,
Nepal,NPL,Intentional homicides (per 100,000 people),VC.IHR.PSRC.P5,,,,,,,,,,,,,,,,,,,,,,,,,,,,,,,,,,,,,,2.5339563369797,2.79509229953792,2.64423993044054,2.7,3.6,3.6,3.1,3.8,3.6,2.5,3.4,3.4,3,3,2.9,,,,,
New Zealand,NZL,Intentional homicides (per 100,000 people),VC.IHR.PSRC.P5,,,,,,,,,,,,,,,,,,,,,,,,,,,,,,,,,,,,1.08841760406633,1.29124519616436,1.59909128972309,1.29510740140665,1.17882299501201,1.3,1.3,1.5,1.1,1.1,1.5,1.2,1.1,1.2,1.5,1,0.9,0.9,,,,
High income: OECD,OEC,Intentional homicides (per 100,000 people),VC.IHR.PSRC.P5,,,,,,,,,,,,,,,,,,,,,,,,,,,,,,,,,,,,3.53024648744353,3.21462912678582,3.00708393259703,2.93067161532205,2.73552727386401,2.95745408286166,3.36091071313574,3.01718374000276,2.63651037992978,2.57080061081341,2.56483399286179,2.59512635700503,2.52426112768302,2.41912936827265,2.26249547536827,2.141563383698,2.0928737104365,,,,,
OECD members,OED,Intentional homicides (per 100,000 people),VC.IHR.PSRC.P5,,,,,,,,,,,,,,,,,,,,,,,,,,,,,,,,,,,,4.82670514681244,4.4010924632691,4.10401466935297,4.03479481808891,3.70531764984943,3.79365744125225,4.09893973804903,3.76424409205293,3.36253197504727,3.25044353385985,3.31745771706514,3.35934231781807,3.10612039282413,3.42848364073582,3.77888332742722,4.13151185794322,4.11772226133203,,,,,
Oman,OMN,Intentional homicides (per 100,000 people),VC.IHR.PSRC.P5,,,,,,,,,,,,,,,,,,,,,,,,,,,,,,,,,,,,,,,,,,0.6,0.6,,,,,0.7,0.7,,,1.1,,,,,
Other small states,OSS,Intentional homicides (per 100,000 people),VC.IHR.PSRC.P5,,,,,,,,,,,,,,,,,,,,,,,,,,,,,,,,,,,,,,,,,,,,,,,,,,,,,14.1239844644804,,,,
Pakistan,PAK,Intentional homicides (per 100,000 people),VC.IHR.PSRC.P5,,,,,,,,,,,,,,,,,,,,,,,,,,,,,,,,,,,,,6.93145688652939,6.93004657253483,7.43497002667954,6.60620797085997,6.2,6.5,6.3,6.1,6.3,6.1,6.2,6.4,7.2,7.3,7.6,7.9,7.7,,,,
Panama,PAN,Intentional homicides (per 100,000 people),VC.IHR.PSRC.P5,,,,,,,,,,,,,,,,,,,,,,,,,,,,,,,,,,,,14.0833179549976,9.07853924839213,11.3015512186301,9.8829659871219,9.82881989325557,9.8,9.8,12,10.4,9.3,10.8,10.8,12.7,18.4,22.6,20.6,20.3,17.2,,,,
Peru,PER,Intentional homicides (per 100,000 people),VC.IHR.PSRC.P5,,,,,,,,,,,,,,,,,,,,,,,,,,,,,,,,,,,,,,,,,5,4.9,4.2,4.9,5.6,11,11.2,10.4,11.6,10.3,9.3,9.6,9.6,,,,
Philippines,PHL,Intentional homicides (per 100,000 people),VC.IHR.PSRC.P5,,,,,,,,,,,,,,,,,,,,,,,,,,,,,,,,,,,,,,,7.98613327418039,7.53671352798582,7.4,7.4,8.1,7.8,7.5,7.5,7.1,6.5,6.4,6.9,9.5,9.1,8.8,,,,
Palau,PLW,Intentional homicides (per 100,000 people),VC.IHR.PSRC.P5,,,,,,,,,,,,,,,,,,,,,,,,,,,,,,,,,,,,,,,,,,,,,,,,,,,,,3.1,,,,
Papua New Guinea,PNG,Intentional homicides (per 100,000 people),VC.IHR.PSRC.P5,,,,,,,,,,,,,,,,,,,,,,,,,,,,,,,,,,,,,,,,,8.6,7.9,8.3,10.5,5.2,9.9,9.8,8.1,9.2,10.4,10.4,,,,,,
Poland,POL,Intentional homicides (per 100,000 people),VC.IHR.PSRC.P5,,,,,,,,,,,,,,,,,,,,,,,,,,,,,,,,,,,,2.22182989284841,2.27350013966531,2.1021583305018,4.87144747933219,4.74749000594662,2.2,2,1.9,1.7,1.7,1.5,1.3,1.4,1.2,1.3,1.1,1.2,,,,,
Puerto Rico,PRI,Intentional homicides (per 100,000 people),VC.IHR.PSRC.P5,,,,,,,,,,,,,,,,,,,,,,,,,,,,,,,,,,,,23.3411443320191,23.2564806675146,19.2519500576761,17.2257096358295,15.5914196184756,18.3,19.7,20.6,20.8,21.1,20.5,19.9,19.6,21.6,24,26.5,,26.5,,,,
Korea, Dem. Rep.,PRK,Intentional homicides (per 100,000 people),VC.IHR.PSRC.P5,,,,,,,,,,,,,,,,,,,,,,,,,,,,,,,,,,,,,,,,,,,,,,,,,,,,,5.2,,,,
Portugal,PRT,Intentional homicides (per 100,000 people),VC.IHR.PSRC.P5,,,,,,,,,,,,,,,,,,,,,,,,,,,,,,,,,,,,,1.04237920496755,1.11641232867845,1.21923456648993,1.05890339575747,1.1,1,1.1,1.4,1.4,1.3,1.5,1.8,1.2,1.2,1.2,1.1,1.2,,,,
Paraguay,PRY,Intentional homicides (per 100,000 people),VC.IHR.PSRC.P5,,,,,,,,,,,,,,,,,,,,,,,,,,,,,,,,,,,,,,,16.7055356602687,12.1139976861118,18.5972513823178,24.0631972077901,24.6258954932278,22.6138833405193,20.8688267369544,18.2244074950416,15.5284124226634,12.7830786649111,13.3579110343882,12.9344644871753,11.4710836582571,9.99528837015489,9.7048746134686,,,,
Pacific island small states,PSS,Intentional homicides (per 100,000 people),VC.IHR.PSRC.P5,,,,,,,,,,,,,,,,,,,,,,,,,,,,,,,,,,,,,,,,,,,,,,,,,,,,,4.01448366028124,,,,
French Polynesia,PYF,Intentional homicides (per 100,000 people),VC.IHR.PSRC.P5,,,,,,,,,,,,,,,,,,,,,,,,,,,,,,,,,,,,,,,,,,,,,,,1.2,2.7,3.4,0.4,,,,,,,
Qatar,QAT,Intentional homicides (per 100,000 people),VC.IHR.PSRC.P5,,,,,,,,,,,,,,,,,,,,,,,,,,,,,,,,,,,,,,,0.911032235964637,0.526435853791215,,,,,,,,,,,,,1.1,,,,
Romania,ROU,Intentional homicides (per 100,000 people),VC.IHR.PSRC.P5,,,,,,,,,,,,,,,,,,,,,,,,,,,,,,,,,,,,3.34201109882768,3.19930731894723,3.08473623546624,2.50753657774,2.54008829275101,2.5,2.7,2.5,2.5,2.3,2.1,2,1.9,2.1,1.8,1.8,1.5,1.7,,,,
Russian Federation,RUS,Intentional homicides (per 100,000 people),VC.IHR.PSRC.P5,,,,,,,,,,,,,,,,,,,,,,,,,,,,,,,,,,,,,,,,,,,,,,,,,11.6,11.1,10.1,9.6,9.2,,,,
Rwanda,RWA,Intentional homicides (per 100,000 people),VC.IHR.PSRC.P5,,,,,,,,,,,,,,,,,,,,,,,,,,,,,,,,,,,,,,,,,,,,,,,,,,,,,23.1,,,,
South Asia,SAS,Intentional homicides (per 100,000 people),VC.IHR.PSRC.P5,,,,,,,,,,,,,,,,,,,,,,,,,,,,,,,,,,,,4.36626277958339,4.68360480031161,4.6060553017584,4.77431974007664,4.4710768820774,4.44730165677536,4.35781240144299,4.2499326260372,3.85838249419129,4.00244091403922,3.86134927846665,3.86944299730076,3.85187915179744,3.94479030257101,3.84317735943352,3.83646662295854,4.09457880051345,3.93666920357807,,,,
Saudi Arabia,SAU,Intentional homicides (per 100,000 people),VC.IHR.PSRC.P5,,,,,,,,,,,,,,,,,,,,,,,,,,,,,,,,,,,,,,,,0.93978611591659,,,,,,,,,,,,,0.8,,,,
Sudan,SDN,Intentional homicides (per 100,000 people),VC.IHR.PSRC.P5,,,,,,,,,,,,,,,,,,,,,,,,,,,,,,,,,,,,,,,,,,,,,,,,,,,,,11.2,,,,
Senegal,SEN,Intentional homicides (per 100,000 people),VC.IHR.PSRC.P5,,,,,,,,,,,,,,,,,,,,,,,,,,,,,,,,,,,,,,,,,,,,,,,,,,,,,2.8,,,,
Singapore,SGP,Intentional homicides (per 100,000 people),VC.IHR.PSRC.P5,,,,,,,,,,,,,,,,,,,,,,,,,,,,,,,,,,,,1.46481261600023,0.866760220850504,1.06246967534468,0.983712120104337,1.04039516289077,0.9,0.7,0.5,0.6,0.5,0.5,0.4,0.4,0.6,0.4,0.4,0.3,0.2,,,,
Solomon Islands,SLB,Intentional homicides (per 100,000 people),VC.IHR.PSRC.P5,,,,,,,,,,,,,,,,,,,,,,,,,,,,,,,,,,,,,,,,,,,,,,,,,,,,,4.3,,,,
Sierra Leone,SLE,Intentional homicides (per 100,000 people),VC.IHR.PSRC.P5,,,,,,,,,,,,,,,,,,,,,,,,,,,,,,,,,,,,,,,,,,,,,2.3,1.9,1.9,2.5,3.3,2.8,2.8,3.2,1.9,,,,
El Salvador,SLV,Intentional homicides (per 100,000 people),VC.IHR.PSRC.P5,,,,,,,,,,,,,,,,,,,,,,,,,,,,,,,,,,,,139.132078848139,117.277281515377,112.568659946571,94.9967310849073,65.0471807756737,39.3,36.9,37,36.4,45.8,62.2,64.4,57.1,51.7,70.9,64.1,69.9,41.2,,,,
San Marino,SMR,Intentional homicides (per 100,000 people),VC.IHR.PSRC.P5,,,,,,,,,,,,,,,,,,,,,,,,,,,,,,,,,,,,,,,,,,,,,,,,,,,,,0.7,,,,
Somalia,SOM,Intentional homicides (per 100,000 people),VC.IHR.PSRC.P5,,,,,,,,,,,,,,,,,,,,,,,,,,,,,,,,,,,,,,,,,,,,,,,,,,,,,8,,,,
Serbia,SRB,Intentional homicides (per 100,000 people),VC.IHR.PSRC.P5,,,,,,,,,,,,,,,,,,,,,,,,,,,,,,,,,,,,,,,,,2.2,2.4,2,1.7,1.6,1.5,1.6,1.7,1.4,1.5,1.3,1.4,1.2,,,,
Sub-Saharan Africa (developing only),SSA,Intentional homicides (per 100,000 people),VC.IHR.PSRC.P5,,,,,,,,,,,,,,,,,,,,,,,,,,,,,,,,,,,,,,,,,,,,,,,,,,,,,14.4867352684581,,,,
South Sudan,SSD,Intentional homicides (per 100,000 people),VC.IHR.PSRC.P5,,,,,,,,,,,,,,,,,,,,,,,,,,,,,,,,,,,,,,,,,,,,,,,,,,,,,13.9,,,,
Sub-Saharan Africa (all income levels),SSF,Intentional homicides (per 100,000 people),VC.IHR.PSRC.P5,,,,,,,,,,,,,,,,,,,,,,,,,,,,,,,,,,,,,,,,,,,,,,,,,,,,,14.4904502137142,,,,
Small states,SST,Intentional homicides (per 100,000 people),VC.IHR.PSRC.P5,,,,,,,,,,,,,,,,,,,,,,,,,,,,,,,,,,,,,,,,,,,,,,,,,,,,,17.4747505282681,,,,
Sao Tome and Principe,STP,Intentional homicides (per 100,000 people),VC.IHR.PSRC.P5,,,,,,,,,,,,,,,,,,,,,,,,,,,,,,,,,,,,,,,,,,,,,,,2.5,2.4,8.3,2.9,3.4,3.3,,,,,
Suriname,SUR,Intentional homicides (per 100,000 people),VC.IHR.PSRC.P5,,,,,,,,,,,,,,,,,,,,,,,,,,,,,,,,,,,,,,,,,,,,,,,,,,,,,6.1,,,,
Slovak Republic,SVK,Intentional homicides (per 100,000 people),VC.IHR.PSRC.P5,,,,,,,,,,,,,,,,,,,,,,,,,,,,,,,,,,,,2.38410369062976,2.45316362396942,2.5974531971402,2.37188662085467,2.61045849648699,2.7,2.4,2.6,2.7,2.3,2,1.6,1.6,1.7,1.5,1.6,1.8,1.4,,,,
Slovenia,SVN,Intentional homicides (per 100,000 people),VC.IHR.PSRC.P5,,,,,,,,,,,,,,,,,,,,,,,,,,,,,,,,,,,,2.23781345281901,1.92747812819556,1.82208826499237,0.707334707246796,1.26111165479036,1.8,1.4,1.8,1.1,1.4,1,0.6,1.2,0.5,0.6,0.7,0.8,0.7,,,,
Sweden,SWE,Intentional homicides (per 100,000 people),VC.IHR.PSRC.P5,,,,,,,,,,,,,,,,,,,,,,,,,,,,,,,,,,,,0.940302249395573,1.0963646920385,1.02779171383026,1.05053289128114,1.11832979816858,1.1,1,1.1,1,1.2,0.9,1,1.2,0.8,0.9,1,0.9,0.7,,,,
Swaziland,SWZ,Intentional homicides (per 100,000 people),VC.IHR.PSRC.P5,,,,,,,,,,,,,,,,,,,,,,,,,,,,,,,,,,,,,,,,,,,,,,,,,,,,,33.8,,,,
Sint Maarten (Dutch part),SXM,Intentional homicides (per 100,000 people),VC.IHR.PSRC.P5,,,,,,,,,,,,,,,,,,,,,,,,,,,,,,,,,,,,,,,,,,,,,,,,,,,,,,,,,
Seychelles,SYC,Intentional homicides (per 100,000 people),VC.IHR.PSRC.P5,,,,,,,,,,,,,,,,,,,,,,,,,,,,,,,,,,,,,,,,,,,,,,,,,,,,,9.5,,,,
Syrian Arab Republic,SYR,Intentional homicides (per 100,000 people),VC.IHR.PSRC.P5,,,,,,,,,,,,,,,,,,,,,,,,,,,,,,,,,,,,,,1.99239872960349,2.21047919768026,2.11907493004003,2.2,2.3,2.2,2.31559515026326,2.4,2.3,2.4,2.8,2.7,2.4,2.2,,,,,,
Turks and Caicos Islands,TCA,Intentional homicides (per 100,000 people),VC.IHR.PSRC.P5,,,,,,,,,,,,,,,,,,,,,,,,,,,,,,,,,,,,,,,0,0,0,0,11.3,0,0,0,,,6.8,6.6,,,,,,,
Chad,TCD,Intentional homicides (per 100,000 people),VC.IHR.PSRC.P5,,,,,,,,,,,,,,,,,,,,,,,,,,,,,,,,,,,,,,,,,,,,,,,,,,,,,7.3,,,,
Togo,TGO,Intentional homicides (per 100,000 people),VC.IHR.PSRC.P5,,,,,,,,,,,,,,,,,,,,,,,,,,,,,,,,,,,,,,,,,,,,,,,,,,,,,10.3,,,,
Thailand,THA,Intentional homicides (per 100,000 people),VC.IHR.PSRC.P5,,,,,,,,,,,,,,,,,,,,,,,,,,,,,,,,,,,,7.6143973937906,7.42472636008366,7.85607293639164,8.69439944931902,8.09503312514154,8.2,8,7.1,10,6.6,7.3,7.1,6.7,6,5.6,5.5,5,,,,,
Tajikistan,TJK,Intentional homicides (per 100,000 people),VC.IHR.PSRC.P5,,,,,,,,,,,,,,,,,,,,,,,,,,,,,,,,,,,,7.53194062268198,8.25891493556511,8.37653218632032,8.1457596592783,5.84836707693699,4.6,3.7,2.8,2.5,2.1,2.3,2.8,1.9,1.4,1.3,2.4,1.6,,,,,
Turkmenistan,TKM,Intentional homicides (per 100,000 people),VC.IHR.PSRC.P5,,,,,,,,,,,,,,,,,,,,,,,,,,,,,,,,,,,,6.42309832115969,7.82624792334963,8.25647470209232,7.84930606446487,7.21441210295168,,,,,,,,,,,,,12.8,,,,
Timor-Leste,TLS,Intentional homicides (per 100,000 people),VC.IHR.PSRC.P5,,,,,,,,,,,,,,,,,,,,,,,,,,,,,,,,,,,,,,,,,,,,,2.4,4.6,4.8,6,3.3,3,3.6,,,,,,
Tonga,TON,Intentional homicides (per 100,000 people),VC.IHR.PSRC.P5,,,,,,,,,,,,,,,,,,,,,,,,,,,,,,,,,,,,,,,,,1,6.1,6.1,6,2,4,7.9,1,3.9,7.7,1,1.9,1,,,,
Trinidad and Tobago,TTO,Intentional homicides (per 100,000 people),VC.IHR.PSRC.P5,,,,,,,,,,,,,,,,,,,,,,,,,,,,,,,,,,,,,,,,,9.5,11.9,13.4,17.8,20.1,29.8,28.5,29.8,41.6,38.3,35.6,26.4,28.3,,,,
Tunisia,TUN,Intentional homicides (per 100,000 people),VC.IHR.PSRC.P5,,,,,,,,,,,,,,,,,,,,,,,,,,,,,,,,,,,,,,,,,,,,,,,,,,,,,2.2,,,,
Turkey,TUR,Intentional homicides (per 100,000 people),VC.IHR.PSRC.P5,,,,,,,,,,,,,,,,,,,,,,,,,,,,,,,,,,,,,,,,,,,,4.3,4.4,4.9,4.6,3.7,3.3,3.3,2.7,2.6,,,,,
Tuvalu,TUV,Intentional homicides (per 100,000 people),VC.IHR.PSRC.P5,,,,,,,,,,,,,,,,,,,,,,,,,,,,,,,,,,,,,,,,,,,,,,,,,,,,,4.2,,,,
Tanzania,TZA,Intentional homicides (per 100,000 people),VC.IHR.PSRC.P5,,,,,,,,,,,,,,,,,,,,,,,,,,,,,,,,,,,,,,,,,,,,,,,,,,,,,12.7,,,,
Uganda,UGA,Intentional homicides (per 100,000 people),VC.IHR.PSRC.P5,,,,,,,,,,,,,,,,,,,,,,,,,,,,,,,,,,,,,,,,,,,,8,7.4,8.7,9.1,8.6,8.8,9.8,9.3,10.7,,,,,
Ukraine,UKR,Intentional homicides (per 100,000 people),VC.IHR.PSRC.P5,,,,,,,,,,,,,,,,,,,,,,,,,,,,,,,,,,,,8.62060162996857,9.64285910536129,8.40437322981275,8.41353686939213,8.60914571629369,,,,7.6,7.3,6.4,6.3,5.7,5.2,4.7,4.3,,,,,,
Upper middle income,UMC,Intentional homicides (per 100,000 people),VC.IHR.PSRC.P5,,,,,,,,,,,,,,,,,,,,,,,,,,,,,,,,,,,,,,,,,,,6.10976922163032,5.5486447596805,5.17652657866658,4.92405235643987,4.71424209403623,6.12696289073171,6.33685158754586,6.43271003424049,6.44115594504208,,,,,,
Uruguay,URY,Intentional homicides (per 100,000 people),VC.IHR.PSRC.P5,,,,,,,,,,,,,,,,,,,,,,,,,,,,,,,,,,,,,,,,,6.4,6.6,6.9,5.9,5.8,5.7,6.1,5.8,6.6,6.7,6.1,5.9,7.9,,,,
United States,USA,Intentional homicides (per 100,000 people),VC.IHR.PSRC.P5,,,,,,,,,,,,,,,,,,,,,,,,,,,,,,,,,,,,8.11268340776424,7.29230303409696,6.67832194250555,6.15031036783624,5.55746449436471,5.5,6.6,5.6,5.6,5.5,5.6,5.8,5.6,5.4,5,4.7,4.7,4.7,,,,
Uzbekistan,UZB,Intentional homicides (per 100,000 people),VC.IHR.PSRC.P5,,,,,,,,,,,,,,,,,,,,,,,,,,,,,,,,,,,,5.04813464007738,4.9384403916967,4.43757298944472,4.41406371263708,4.14394461597587,,,,,,,,,,,,,3.7,,,,
St. Vincent and the Grenadines,VCT,Intentional homicides (per 100,000 people),VC.IHR.PSRC.P5,,,,,,,,,,,,,,,,,,,,,,,,,,,,,,,,,,,,18.5036128304051,22.2121444899999,8.334954018837,22.2413745169451,12.9787056522263,18.5,11.1,18.5,16.6,25.8,21.1,11.9,33,14.7,18.3,22.9,19.2,25.6,,,,
Venezuela, RB,VEN,Intentional homicides (per 100,000 people),VC.IHR.PSRC.P5,,,,,,,,,,,,,,,,,,,,,,,,,,,,,,,,,,,,20.335913345501,22.0496258363835,18.3997880692813,19.4242415730169,24.9851242639426,32.9,32,38,44,37,37.3,45.1,47.6,51.9,48.9,45,47.8,53.7,,,,
Virgin Islands (U.S.),VIR,Intentional homicides (per 100,000 people),VC.IHR.PSRC.P5,,,,,,,,,,,,,,,,,,,,,,,,,,,,,,,,,,,,,,,,24.9,22.1,25.8,37.8,28.5,34.2,32.5,40,40.1,42.1,46.9,52.6,,,,,,
Vietnam,VNM,Intentional homicides (per 100,000 people),VC.IHR.PSRC.P5,,,,,,,,,,,,,,,,,,,,,,,,,,,,,,,,,,,,,,,,,,,,,,,,,,,,,3.3,,,,
Vanuatu,VUT,Intentional homicides (per 100,000 people),VC.IHR.PSRC.P5,,,,,,,,,,,,,,,,,,,,,,,,,,,,,,,,,,,,,,,,,,,,,,,,,,,,,2.9,,,,
West Bank and Gaza,PSE,Intentional homicides (per 100,000 people),VC.IHR.PSRC.P5,,,,,,,,,,,,,,,,,,,,,,,,,,,,,,,,,,,,1.19401191469825,4.41234220361194,1.57985703347085,1.51203021641184,1.7449125297968,,,,,,,,,,,,,7.4,,,,
World,WLD,Intentional homicides (per 100,000 people),VC.IHR.PSRC.P5,,,,,,,,,,,,,,,,,,,,,,,,,,,,,,,,,,,,,,,,,,,5.29641068943319,4.63533728755807,4.45746268321489,4.53288881029498,4.51734798327892,5.06710264702036,5.17854276161543,5.1732255903428,5.1666874760065,,8.37409011420102,,,,
Samoa,WSM,Intentional homicides (per 100,000 people),VC.IHR.PSRC.P5,,,,,,,,,,,,,,,,,,,,,,,,,,,,,,,,,,,,,,,,,,,,,,,,,,,,,3.6,,,,
Yemen, Rep.,YEM,Intentional homicides (per 100,000 people),VC.IHR.PSRC.P5,,,,,,,,,,,,,,,,,,,,,,,,,,,,,,,,,,,,,,,,,4,,,3.7,3.3,4.7,4.3,4,4,4.45351642234181,4.8,,,,,,
South Africa,ZAF,Intentional homicides (per 100,000 people),VC.IHR.PSRC.P5,,,,,,,,,,,,,,,,,,,,,,,,,,,,,,,,,,,,64.9165265781694,60.3901674280048,57.1123953327189,57.7416814073372,51.2128709517669,48.5,47,46.7,42.3,39.5,38.4,39.3,37.3,36.1,33.1,31,30,31,,,,
Congo, Dem. Rep.,COD,Intentional homicides (per 100,000 people),VC.IHR.PSRC.P5,,,,,,,,,,,,,,,,,,,,,,,,,,,,,,,,,,,,,,,,,,,,,,,,,,,,,28.3,,,,
Zambia,ZMB,Intentional homicides (per 100,000 people),VC.IHR.PSRC.P5,,,,,,,,,,,,,,,,,,,,,,,,,,,,,,,,,,,,,,,9.00634968309423,10.7791614274948,,,,,,,,,,,,,10.7,,,,
Zimbabwe,ZWE,Intentional homicides (per 100,000 people),VC.IHR.PSRC.P5,,,,,,,,,,,,,,,,,,,,,,,,,,,,,,,,,,,,,,,,,,,,,,,,,,,,,10.6,,,,
